{"cameraMode":{"drawMode":0,"name":"Shaded","section":"Shading Mode"},"sceneLighting":true,"audioPlay":false,"sceneViewState":{"showFog":true,"showMaterialUpdate":false,"showSkybox":true,"showFlares":true,"showImageEffects":true,"showParticleSystems":true},"in2DMode":false,"pivot":{"x":-0.6257407665252686,"y":-0.8983968496322632,"z":-0.13724887371063233},"rotation":{"x":-0.23473253846168519,"y":0.5519450306892395,"z":-0.1654949188232422,"w":-0.7828605771064758},"size":3.491598129272461,"orthographic":false}