{"cameraMode":{"drawMode":0,"name":"Shaded","section":"Shading Mode"},"sceneLighting":true,"audioPlay":false,"sceneViewState":{"showFog":true,"showMaterialUpdate":false,"showSkybox":true,"showFlares":true,"showImageEffects":true,"showParticleSystems":true},"in2DMode":false,"pivot":{"x":4.4510111808776859,"y":-2.856171131134033,"z":2.06327223777771},"rotation":{"x":-0.21871210634708405,"y":-0.4917922616004944,"z":0.1291481852531433,"w":-0.832845151424408},"size":3.791598081588745,"orthographic":false}